 date,weekday,downloads
2013-08-27,2,6
2013-08-28,3,40
2013-08-29,4,5
2013-08-30,5,1
2013-08-31,6,3
2013-09-01,0,2
2013-09-02,1,0
2013-09-03,2,1
2013-09-04,3,0
2013-09-05,4,0
2013-09-06,5,1
2013-09-07,6,4
2013-09-08,0,15
2013-09-09,1,17
2013-09-10,2,5
2013-09-11,3,2
2013-09-12,4,7
2013-09-13,5,3
2013-09-14,6,2
2013-09-15,0,5
2013-09-16,1,3
2013-09-17,2,9
2013-09-18,3,10
2013-09-19,4,2
2013-09-20,5,2
2013-09-21,6,1
2013-09-22,0,1
2013-09-23,1,5
2013-09-24,2,7
2013-09-25,3,5
2013-09-26,4,1
2013-09-27,5,3
2013-09-28,6,2
2013-09-29,0,5
2013-09-30,1,9
2013-10-01,2,10
2013-10-02,3,7
2013-10-03,4,2
2013-10-04,5,5
2013-10-05,6,3
2013-10-06,0,3
2013-10-07,1,2
2013-10-08,2,13
2013-10-09,3,6
2013-10-10,4,8
2013-10-11,5,2
2013-10-12,6,4
2013-10-13,0,2
2013-10-14,1,0
2013-10-15,2,3
2013-10-16,3,2
2013-10-17,4,2
2013-10-18,5,3
2013-10-19,6,1
2013-10-20,0,1
2013-10-21,1,1
2013-10-22,2,3
2013-10-23,3,2
2013-10-24,4,1
2013-10-25,5,4
2013-10-26,6,0
2013-10-27,0,2
2013-10-28,1,0
2013-10-29,2,0
2013-10-30,3,0
2013-10-31,4,4
2013-11-01,5,2
2013-11-02,6,2
2013-11-03,0,2
2013-11-04,1,0
2013-11-05,2,1
2013-11-06,3,2
2013-11-07,4,1
2013-11-08,5,3
2013-11-09,6,2
2013-11-10,0,1
2013-11-11,1,2
2013-11-12,2,3
2013-11-13,3,1
2013-11-14,4,2
2013-11-15,5,2
2013-11-16,6,0
2013-11-17,0,0
2013-11-18,1,2
2013-11-19,2,1
2013-11-20,3,0
2013-11-21,4,4
2013-11-22,5,2
2013-11-23,6,1
2013-11-24,0,2
2013-11-25,1,0
2013-11-26,2,2
2013-11-27,3,2
2013-11-28,4,4
2013-11-29,5,1
2013-11-30,6,0
2013-12-01,0,1
2013-12-02,1,0
2013-12-03,2,1
2013-12-04,3,1
2013-12-05,4,3
2013-12-06,5,0
2013-12-07,6,1
2013-12-08,0,0
2013-12-09,1,0
2013-12-10,2,2
2013-12-11,3,0
2013-12-12,4,1
2013-12-13,5,1
2013-12-14,6,1
2013-12-15,0,1
2013-12-16,1,0
2013-12-17,2,2
2013-12-18,3,1
2013-12-19,4,0
2013-12-20,5,0
2013-12-21,6,0
2013-12-22,0,2
2013-12-23,1,0
2013-12-24,2,0
2013-12-25,3,1
2013-12-26,4,1
2013-12-27,5,0
2013-12-28,6,1
2013-12-29,0,0
2013-12-30,1,2
2013-12-31,2,2
2014-01-01,3,2
2014-01-02,4,2
2014-01-03,5,0
2014-01-04,6,1
2014-01-05,0,0
2014-01-06,1,0
2014-01-07,2,1
2014-01-08,3,1
2014-01-09,4,1
2014-01-10,5,1
2014-01-11,6,1
2014-01-12,0,9
2014-01-13,1,7
2014-01-14,2,3
2014-01-15,3,4
2014-01-16,4,0
2014-01-17,5,4
2014-01-18,6,4
2014-01-19,0,1
2014-01-20,1,3
2014-01-21,2,1
2014-01-22,3,2
2014-01-23,4,1
2014-01-24,5,0
2014-01-25,6,4
2014-01-26,0,2
2014-01-27,1,4
2014-01-28,2,2
2014-01-29,3,0
2014-01-30,4,2
2014-01-31,5,4
2014-02-01,6,1
2014-02-02,0,3
2014-02-03,1,0
2014-02-04,2,1
2014-02-05,3,1
2014-02-06,4,1
2014-02-07,5,1
2014-02-08,6,1
2014-02-09,0,0
2014-02-10,1,0
2014-02-11,2,1
2014-02-12,3,2
2014-02-13,4,0
2014-02-14,5,2
2014-02-15,6,1
2014-02-16,0,0
2014-02-17,1,1
2014-02-18,2,1
2014-02-19,3,0
2014-02-20,4,1
2014-02-21,5,1
2014-02-22,6,2
2014-02-23,0,0
2014-02-24,1,1
2014-02-25,2,1
2014-02-26,3,0
2014-02-27,4,2
2014-02-28,5,1
2014-03-01,6,0
2014-03-02,0,2
2014-03-03,1,1
2014-03-04,2,1
2014-03-05,3,1
2014-03-06,4,0
2014-03-07,5,0
2014-03-08,6,0
2014-03-09,0,9
2014-03-10,1,17
2014-03-11,2,7
2014-03-12,3,3
2014-03-13,4,5
2014-03-14,5,1
2014-03-15,6,2
2014-03-16,0,1
2014-03-17,1,3
2014-03-18,2,1
2014-03-19,3,5
2014-03-20,4,3
2014-03-21,5,3
2014-03-22,6,4
2014-03-23,0,0
2014-03-24,1,1
2014-03-25,2,2
2014-03-26,3,3
2014-03-27,4,1
2014-03-28,5,1
2014-03-29,6,2
2014-03-30,0,2
2014-03-31,1,3
2014-04-01,2,5
2014-04-02,3,2
2014-04-03,4,1
2014-04-04,5,2
2014-04-05,6,1
2014-04-06,0,1
2014-04-07,1,2
2014-04-08,2,0
2014-04-09,3,4
2014-04-10,4,0
2014-04-11,5,2
2014-04-12,6,1
2014-04-13,0,5
2014-04-14,1,5
2014-04-15,2,4
2014-04-16,3,1
2014-04-17,4,2
2014-04-18,5,0
2014-04-19,6,1
2014-04-20,0,4
2014-04-21,1,1
2014-04-22,2,1
2014-04-23,3,1
2014-04-24,4,1
2014-04-25,5,0
2014-04-26,6,1
2014-04-27,0,1
2014-04-28,1,1
2014-04-29,2,3
2014-04-30,3,8
2014-05-01,4,7
2014-05-02,5,7
2014-05-03,6,9
2014-05-04,0,2
2014-05-05,1,2
2014-05-06,2,5
2014-05-07,3,2
2014-05-08,4,1
2014-05-09,5,4
2014-05-10,6,0
2014-05-11,0,2
2014-05-12,1,2
2014-05-13,2,3
2014-05-14,3,1
2014-05-15,4,1
2014-05-16,5,1
2014-05-17,6,1
2014-05-18,0,2
2014-05-19,1,0
2014-05-20,2,0
2014-05-21,3,4
2014-05-22,4,2
2014-05-23,5,1
2014-05-24,6,2
2014-05-25,0,4
2014-05-26,1,6
2014-05-27,2,13
2014-05-28,3,5
2014-05-29,4,4
2014-05-30,5,3
2014-05-31,6,4
2014-06-01,0,5
2014-06-02,1,3
2014-06-03,2,4
2014-06-04,3,12
2014-06-05,4,9
2014-06-06,5,12
2014-06-07,6,4
2014-06-08,0,2
2014-06-09,1,4
2014-06-10,2,1
2014-06-11,3,2
2014-06-12,4,0
2014-06-13,5,1
2014-06-14,6,3
2014-06-15,0,2
2014-06-16,1,4
2014-06-17,2,1
2014-06-18,3,2
2014-06-19,4,1
2014-06-20,5,1
2014-06-21,6,1
2014-06-22,0,1
2014-06-23,1,4
2014-06-24,2,4
2014-06-25,3,2
2014-06-26,4,0
2014-06-27,5,3
2014-06-28,6,0
2014-06-29,0,3
2014-06-30,1,1
2014-07-01,2,1
2014-07-02,3,1
2014-07-03,4,0
2014-07-04,5,2
2014-07-05,6,0
2014-07-06,0,6
2014-07-07,1,0
2014-07-08,2,0
2014-07-09,3,2
2014-07-10,4,2
2014-07-11,5,0
2014-07-12,6,3
2014-07-13,0,1
2014-07-14,1,1
2014-07-15,2,1
2014-07-16,3,3
2014-07-17,4,1
2014-07-18,5,0
2014-07-19,6,0
2014-07-20,0,2
2014-07-21,1,0
2014-07-22,2,0
2014-07-23,3,0
2014-07-24,4,2
2014-07-25,5,2
2014-07-26,6,1
2014-07-27,0,0
2014-07-28,1,0
2014-07-29,2,1
2014-07-30,3,2
2014-07-31,4,2
2014-08-01,5,1
2014-08-02,6,1
2014-08-03,0,0
2014-08-04,1,0
2014-08-05,2,3
2014-08-06,3,2
2014-08-07,4,1
2014-08-08,5,1
2014-08-09,6,0
2014-08-10,0,3
2014-08-11,1,1
2014-08-12,2,1
2014-08-13,3,0
2014-08-14,4,0
2014-08-15,5,1
2014-08-16,6,1
2014-08-17,0,1
2014-08-18,1,2
2014-08-19,2,1
2014-08-20,3,2
2014-08-21,4,2
2014-08-22,5,5
2014-08-23,6,11
2014-08-24,0,6
2014-08-25,1,4
2014-08-26,2,4
2014-08-27,3,2
2014-08-28,4,0
2014-08-29,5,4
2014-08-30,6,1
2014-08-31,0,6
2014-09-01,1,4
2014-09-02,2,3
2014-09-03,3,2
2014-09-04,4,8
2014-09-05,5,18
2014-09-06,6,5
2014-09-07,0,1
2014-09-08,1,0
2014-09-09,2,5
2014-09-10,3,5
2014-09-11,4,2
2014-09-12,5,2
2014-09-13,6,3
2014-09-14,0,3
2014-09-15,1,0
2014-09-16,2,1
2014-09-17,3,3
2014-09-18,4,2
2014-09-19,5,1
2014-09-20,6,2
2014-09-21,0,0
2014-09-22,1,0
2014-09-23,2,4
2014-09-24,3,3
2014-09-25,4,2
2014-09-26,5,3
2014-09-27,6,2
2014-09-28,0,5
2014-09-29,1,1
2014-09-30,2,1
2014-10-01,3,3
2014-10-02,4,1
2014-10-03,5,3
2014-10-04,6,3
2014-10-05,0,1
2014-10-06,1,1
2014-10-07,2,0
2014-10-08,3,1
2014-10-09,4,2
2014-10-10,5,4
2014-10-11,6,4
2014-10-12,0,3
2014-10-13,1,2
2014-10-14,2,0
2014-10-15,3,1
2014-10-16,4,0
2014-10-17,5,0
2014-10-18,6,0
2014-10-19,0,0
2014-10-20,1,0
2014-10-21,2,2
2014-10-22,3,2
2014-10-23,4,2
2014-10-24,5,0
2014-10-25,6,1
2014-10-26,0,1
2014-10-27,1,0
2014-10-28,2,1
2014-10-29,3,0
2014-10-30,4,0
2014-10-31,5,2
2014-11-01,6,1
2014-11-02,0,0
2014-11-03,1,1
2014-11-04,2,1
2014-11-05,3,3
2014-11-06,4,1
2014-11-07,5,1
2014-11-08,6,9
2014-11-09,0,12
2014-11-10,1,13
2014-11-11,2,6
2014-11-12,3,1
2014-11-13,4,6
2014-11-14,5,5
2014-11-15,6,4
2014-11-16,0,4
2014-11-17,1,2
2014-11-18,2,1
2014-11-19,3,3
2014-11-20,4,2
2014-11-21,5,6
2014-11-22,6,4
2014-11-23,0,2
2014-11-24,1,1
2014-11-25,2,2
2014-11-26,3,1
2014-11-27,4,3
2014-11-28,5,1
2014-11-29,6,4
2014-11-30,0,1
2014-12-01,1,6
2014-12-02,2,2
2014-12-03,3,2
2014-12-04,4,1
2014-12-05,5,2
2014-12-06,6,0
2014-12-07,0,0
2014-12-08,1,0
2014-12-09,2,0
2014-12-10,3,3
2014-12-11,4,0
2014-12-12,5,1
2014-12-13,6,1
2014-12-14,0,0
2014-12-15,1,0
2014-12-16,2,0
2014-12-17,3,9
2014-12-18,4,24
2014-12-19,5,12
2014-12-20,6,9
2014-12-21,0,5
2014-12-22,1,9
2014-12-23,2,4
2014-12-24,3,1
2014-12-25,4,3
2014-12-26,5,2
2014-12-27,6,2
2014-12-28,0,4
2014-12-29,1,11
2014-12-30,2,4
2014-12-31,3,2
2015-01-01,4,0
2015-01-02,5,2
2015-01-03,6,1
2015-01-04,0,1
2015-01-05,1,2
2015-01-06,2,1
2015-01-07,3,3
2015-01-08,4,1
2015-01-09,5,2
2015-01-10,6,1
2015-01-11,0,1
2015-01-12,1,2
2015-01-13,2,0
2015-01-14,3,1
2015-01-15,4,1
2015-01-16,5,1
2015-01-17,6,2
2015-01-18,0,1
2015-01-19,1,2
2015-01-20,2,3
2015-01-21,3,1
2015-01-22,4,1
2015-01-23,5,0
2015-01-24,6,3
2015-01-25,0,1
2015-01-26,1,0
2015-01-27,2,2
2015-01-28,3,1
2015-01-29,4,1
2015-01-30,5,2
2015-01-31,6,2
2015-02-01,0,2
2015-02-02,1,1
2015-02-03,2,2
2015-02-04,3,1
2015-02-05,4,0
2015-02-06,5,0
2015-02-07,6,0
2015-02-08,0,1
2015-02-09,1,0
2015-02-10,2,0
2015-02-11,3,11
2015-02-12,4,22
2015-02-13,5,13
2015-02-14,6,14
2015-02-15,0,11
2015-02-16,1,12
2015-02-17,2,15
2015-02-18,3,6
2015-02-19,4,4
2015-02-20,5,4
2015-02-21,6,6
2015-02-22,0,7
2015-02-23,1,5
2015-02-24,2,1
2015-02-25,3,6
2015-02-26,4,6
2015-02-27,5,3
2015-02-28,6,1
2015-03-01,0,0
2015-03-02,1,2
2015-03-03,2,0
2015-03-04,3,4
2015-03-05,4,1
2015-03-06,5,3
2015-03-07,6,1
2015-03-08,0,1
2015-03-09,1,0
2015-03-10,2,2
2015-03-11,3,2
2015-03-12,4,1
2015-03-13,5,0
2015-03-14,6,1
2015-03-15,0,1
2015-03-16,1,0
2015-03-17,2,1
2015-03-18,3,1
2015-03-19,4,1
2015-03-20,5,1
2015-03-21,6,0
2015-03-22,0,2
2015-03-23,1,2
2015-03-24,2,2
2015-03-25,3,2
2015-03-26,4,2
2015-03-27,5,2
2015-03-28,6,0
2015-03-29,0,3
2015-03-30,1,0
2015-03-31,2,1
2015-04-01,3,1
2015-04-02,4,0
2015-04-03,5,1
2015-04-04,6,1
2015-04-05,0,1
2015-04-06,1,2
2015-04-07,2,2
2015-04-08,3,2
2015-04-09,4,0
2015-04-10,5,0
2015-04-11,6,2
2015-04-12,0,3
2015-04-13,1,1
2015-04-14,2,11
2015-04-15,3,19
2015-04-16,4,10
2015-04-17,5,5
2015-04-18,6,1
2015-04-19,0,3
2015-04-20,1,5
2015-04-21,2,8
2015-04-22,3,5
2015-04-23,4,6
2015-04-24,5,6
2015-04-25,6,5
2015-04-26,0,4
2015-04-27,1,4
2015-04-28,2,5
2015-04-29,3,1
2015-04-30,4,3
2015-05-01,5,1
2015-05-02,6,1
2015-05-03,0,3
2015-05-04,1,2
2015-05-05,2,3
2015-05-06,3,0
2015-05-07,4,0
2015-05-08,5,2
2015-05-09,6,0
2015-05-10,0,1
2015-05-11,1,2
2015-05-12,2,0
2015-05-13,3,2
2015-05-14,4,0
2015-05-15,5,2
2015-05-16,6,1
2015-05-17,0,3
2015-05-18,1,1
2015-05-19,2,3
2015-05-20,3,2
2015-05-21,4,0
2015-05-22,5,0
2015-05-23,6,2
2015-05-24,0,1
2015-05-25,1,2
2015-05-26,2,3
2015-05-27,3,1
2015-05-28,4,0
2015-05-29,5,3
2015-05-30,6,1
2015-05-31,0,1
2015-06-01,1,2
2015-06-02,2,2
2015-06-03,3,0
2015-06-04,4,0
2015-06-05,5,3
2015-06-06,6,0
2015-06-07,0,0
2015-06-08,1,1
2015-06-09,2,0
2015-06-10,3,2
2015-06-11,4,1
2015-06-12,5,1
2015-06-13,6,0
2015-06-14,0,0
2015-06-15,1,1
2015-06-16,2,10
2015-06-17,3,20
2015-06-18,4,11
2015-06-19,5,6
2015-06-20,6,1
2015-06-21,0,2
2015-06-22,1,6
2015-06-23,2,8
2015-06-24,3,2
2015-06-25,4,8
2015-06-26,5,1
2015-06-27,6,0
2015-06-28,0,1
2015-06-29,1,5
2015-06-30,2,3
2015-07-01,3,2
2015-07-02,4,2
2015-07-03,5,1
2015-07-04,6,10
2015-07-05,0,18
2015-07-06,1,7
2015-07-07,2,9
2015-07-08,3,7
2015-07-09,4,3
2015-09-06,0,1
2015-09-07,1,1
2015-09-08,2,2
2015-09-09,3,0
2015-09-10,4,0
2015-09-11,5,3
2015-09-12,6,0
2015-09-13,0,0
2015-09-14,1,0
2015-09-15,2,1
2015-09-16,3,2
2015-09-17,4,2
2015-09-18,5,0
2015-09-19,6,1
2015-09-20,0,0
2015-09-21,1,2
2015-09-22,2,0
2015-09-23,3,1
2015-09-24,4,0
2015-09-25,5,0
2015-09-26,6,1
2015-09-27,0,0
2015-09-28,1,2
2015-09-29,2,0
2015-09-30,3,0
2015-10-01,4,1
2015-10-02,5,1
2015-10-03,6,0
2015-10-04,0,1
2015-10-05,1,1
2015-10-06,2,4
2015-10-07,3,3
2015-10-08,4,0
2015-10-09,5,0
2015-10-10,6,2
2015-10-11,0,1
2015-10-12,1,1
2015-10-13,2,1
2015-10-14,3,0
2015-10-15,4,1
2015-10-16,5,2
2015-10-17,6,1
2015-10-18,0,1
2015-10-19,1,3
2015-10-20,2,1
2015-10-21,3,1
2015-10-22,4,0
2015-10-23,5,1
2015-10-24,6,1
2015-10-25,0,1
2015-10-26,1,2
2015-10-27,2,2
2015-10-28,3,0
2015-10-29,4,0
2015-10-30,5,0
2015-10-31,6,0
2015-11-01,0,1
2015-11-02,1,0
2015-11-03,2,1
2015-11-04,3,1
2015-11-05,4,0
2015-11-06,5,2
2015-11-07,6,0
2015-11-08,0,0
2015-11-09,1,1
2015-11-10,2,0
2015-11-11,3,0
2015-11-12,4,0
2015-11-13,5,2
2015-11-14,6,0
2015-11-15,0,0
2015-11-16,1,0
2015-11-17,2,0
2015-11-18,3,1
2015-11-19,4,0
2015-11-20,5,0
2015-11-21,6,1
2015-11-22,0,0
2015-11-23,1,1
2015-11-24,2,0
2015-11-25,3,0
2015-11-26,4,0
2015-11-27,5,0
2015-11-28,6,1
2015-11-29,0,0
2015-11-30,1,0
2015-12-01,2,0
2015-12-02,3,1
2015-12-03,4,0
2015-12-04,5,0
2015-12-05,6,1
2015-12-06,0,0
2015-12-07,1,2
2015-12-08,2,1
2015-12-09,3,2
2015-12-10,4,2
2015-12-11,5,1
2015-12-12,6,2
2015-12-13,0,1
2015-12-14,1,1
2015-12-15,2,0
2015-12-16,3,2
2015-12-17,4,1
2015-12-18,5,1
2015-12-19,6,0
2015-12-20,0,0
2015-12-21,1,0
2015-12-22,2,0
2015-12-23,3,1
2015-12-24,4,1
2015-12-25,5,0
2015-12-26,6,0
2015-12-27,0,0
2015-12-28,1,1
2015-12-29,2,0
2015-12-30,3,0
2015-12-31,4,0
2016-01-01,5,1
2016-01-02,6,5
2016-01-03,0,0
2016-01-04,1,1
2016-01-05,2,1
2016-01-06,3,0
2016-01-07,4,1
2016-01-08,5,0
2016-01-09,6,1
2016-01-10,0,0
2016-01-11,1,0
2016-01-12,2,2
2016-01-13,3,2
2016-01-14,4,2
2016-01-15,5,0
2016-01-16,6,1
2016-01-17,0,1
2016-01-18,1,1
2016-01-19,2,0
2016-01-20,3,0
2016-01-21,4,0
2016-01-22,5,1
2016-01-23,6,0
2016-01-24,0,1
2016-01-25,1,1
2016-01-26,2,1
2016-01-27,3,1
2016-01-28,4,0
2016-01-29,5,0
2016-01-30,6,1
2016-01-31,0,1
2016-02-01,1,0
2016-02-02,2,0
2016-02-03,3,0
2016-02-04,4,1
2016-02-05,5,2
2016-02-06,6,0
2016-02-07,0,0
2016-02-08,1,1
2016-02-09,2,0
2016-02-10,3,0
2016-02-11,4,0
2016-02-12,5,1
2016-02-13,6,0
2016-02-14,0,1
2016-02-15,1,4
2016-02-16,2,2
2016-02-17,3,0
2016-02-18,4,1
2016-02-19,5,1
2016-02-20,6,1
2016-02-21,0,0
2016-02-22,1,2
2016-02-23,2,0
2016-02-24,3,1
2016-02-25,4,1
2016-02-26,5,0
2016-02-27,6,1
2016-02-28,0,0
2016-02-29,1,0
2016-03-01,2,0
2016-03-02,3,0
2016-03-03,4,0
2016-03-04,5,1
2016-03-05,6,1
2016-03-06,0,1
2016-03-07,1,0
2016-03-08,2,0
2016-03-09,3,1
2016-03-10,4,1
2016-03-11,5,1
2016-03-12,6,0
2016-03-13,0,2
2016-03-14,1,1
2016-03-15,2,0
2016-03-16,3,1
2016-03-17,4,1
2016-03-18,5,1
2016-03-19,6,1
2016-03-20,0,0
2016-03-21,1,2
2016-03-22,2,3
2016-03-23,3,1
2016-03-24,4,1
2016-03-25,5,1
2016-03-26,6,0
2016-03-27,0,1
2016-03-28,1,0
2016-03-29,2,0
2016-03-30,3,0
2016-03-31,4,0
2016-04-01,5,0
2016-04-02,6,0
2016-04-03,0,0
2016-04-04,1,1
2016-04-05,2,0
2016-04-06,3,1
2016-04-07,4,2
2016-04-08,5,1
2016-04-09,6,0
2016-04-10,0,0
2016-04-11,1,0
2016-04-12,2,0
2016-04-13,3,0
2016-04-14,4,0
2016-04-15,5,0
2016-04-16,6,0
2016-04-17,0,0
2016-04-18,1,1
2016-04-19,2,0
2016-04-20,3,0
2016-04-21,4,0
2016-04-22,5,1
2016-04-23,6,0
2016-04-24,0,0
2016-04-25,1,0
2016-04-26,2,1
2016-04-27,3,0
2016-04-28,4,0
2016-04-29,5,0
2016-04-30,6,0
2016-05-01,0,2
2016-05-02,1,0
2016-05-03,2,0
2016-05-04,3,0
2016-05-05,4,0
2016-05-06,5,1
2016-05-07,6,1
2016-05-08,0,2
2016-05-09,1,0
2016-05-10,2,1
2016-05-11,3,0
2016-05-12,4,0
2016-05-13,5,1
2016-05-14,6,0
2016-05-15,0,0
2016-05-16,1,0
2016-05-17,2,1
2016-05-18,3,1
2016-05-19,4,1
2016-05-20,5,1
2016-05-21,6,0
2016-05-22,0,0
2016-05-23,1,1
2016-05-24,2,1
2016-05-25,3,1
2016-05-26,4,0
2016-05-27,5,0
2016-05-28,6,0
2016-05-29,0,2
2016-05-30,1,1
2016-05-31,2,0
2016-06-01,3,1
2016-06-02,4,0
2016-06-03,5,0
2016-06-04,6,0
2016-06-05,0,0
2016-06-06,1,0
2016-06-07,2,1
2016-06-08,3,1
2016-06-09,4,0
2016-06-10,5,2
2016-06-11,6,0
2016-06-12,0,0
2016-06-13,1,0
2016-06-14,2,0
2016-06-15,3,0
2016-06-16,4,2
2016-06-17,5,2
2016-06-18,6,1
2016-06-19,0,1
2016-06-20,1,0
2016-06-21,2,0
2016-06-22,3,0
2016-06-23,4,0
2016-06-24,5,0
2016-06-25,6,0
2016-06-26,0,1
2016-06-27,1,1
2016-06-28,2,1
2016-06-29,3,0
2016-06-30,4,1
2016-07-01,5,0
2016-07-02,6,0
2016-07-03,0,1
2016-07-04,1,0
2016-07-05,2,1
2016-07-06,3,1
2016-07-07,4,0
2016-07-08,5,0
2016-07-09,6,0
2016-07-10,0,1
2016-07-11,1,0
2016-07-12,2,0
2016-07-13,3,0
2016-07-14,4,1
2016-07-15,5,1
2016-07-16,6,1
2016-07-17,0,0
2016-07-18,1,1
2016-07-19,2,0
2016-07-20,3,0
2016-07-21,4,0
2016-07-22,5,0
2016-07-23,6,0
2016-07-24,0,1
2016-07-25,1,0
2016-07-26,2,0
2016-07-27,3,1
2016-07-28,4,1
2016-07-29,5,0
2016-07-30,6,0
2016-07-31,0,1
2016-08-01,1,0
2016-08-02,2,0
2016-08-03,3,0
2016-08-04,4,0
2016-08-05,5,0
2016-08-06,6,0
2016-08-07,0,1
2016-08-08,1,1
2016-08-09,2,1
2016-08-10,3,1
2016-08-11,4,1
2016-08-12,5,0
2016-08-13,6,0
2016-08-14,0,0
2016-08-15,1,0
2016-08-16,2,1
2016-08-17,3,0
2016-08-18,4,1
2016-08-19,5,2
2016-08-20,6,0
2016-08-21,0,1
2016-08-22,1,1
2016-08-23,2,0
2016-08-24,3,0
2016-08-25,4,1
2016-08-26,5,0
2016-08-27,6,2
2016-08-28,0,1
2016-08-29,1,0
2016-08-30,2,2
2016-08-31,3,1
2016-09-01,4,1
2016-09-02,5,0
2016-09-03,6,0
2016-09-04,0,2
2016-09-05,1,0
2016-09-06,2,0
2016-09-07,3,0
2016-09-08,4,0
2016-09-09,5,2
2016-09-10,6,2
2016-09-11,0,0
2016-09-12,1,0
2016-09-13,2,3
2016-09-14,3,0
2016-09-15,4,0
2016-09-16,5,0
2016-09-17,6,0
2016-09-18,0,0
2016-09-19,1,0
2016-09-20,2,0
2016-09-21,3,0
2016-09-22,4,1
2016-09-23,5,0
2016-09-24,6,0
2016-09-25,0,0
2016-09-26,1,0
2016-09-27,2,0
2016-09-28,3,0
2016-09-29,4,0
2016-09-30,5,0
2016-10-01,6,1
2016-10-02,0,0
2016-10-03,1,1
2016-10-04,2,0
2016-10-05,3,0
2016-10-06,4,2
2016-10-07,5,0
2016-10-08,6,0
2016-10-09,0,1
2016-10-10,1,1
2016-10-11,2,0
2016-10-12,3,1
2016-10-13,4,0
2016-10-14,5,0
2016-10-15,6,0
2016-10-16,0,0
2016-10-17,1,2
2016-10-18,2,3
2016-10-19,3,2
2016-10-20,4,1
2016-10-21,5,1
2016-10-22,6,0
2016-10-23,0,0
2016-10-24,1,0
2016-10-25,2,0
2016-10-26,3,0
2016-10-27,4,2
2016-10-28,5,3
2016-10-29,6,0
2016-10-30,0,0
2016-10-31,1,3
2016-11-01,2,0
2016-11-02,3,1
2016-11-03,4,0
2016-11-04,5,1
2016-11-05,6,0
2016-11-06,0,0
2016-11-07,1,0
2016-11-08,2,2
2016-11-09,3,0
2016-11-10,4,1
2016-11-11,5,0
2016-11-12,6,1
2016-11-13,0,1
2016-11-14,1,2
2016-11-15,2,1
2016-11-16,3,0
2016-11-17,4,1
2016-11-18,5,0
2016-11-19,6,1
2016-11-20,0,0
2016-11-21,1,0
2016-11-22,2,1
2016-11-23,3,2
2016-11-24,4,0
2016-11-25,5,2
2016-11-26,6,0
2016-11-27,0,1
2016-11-28,1,0
2016-11-29,2,1
2016-11-30,3,1
2016-12-01,4,0
2016-12-02,5,2
2016-12-03,6,0
2016-12-04,0,1
2016-12-05,1,2
2016-12-06,2,0
2016-12-07,3,0
2016-12-08,4,0
2016-12-09,5,2
2016-12-10,6,2
2016-12-11,0,1
2016-12-12,1,1
2016-12-13,2,1
2016-12-14,3,2
2016-12-15,4,0
2016-12-16,5,0
2016-12-17,6,0
2016-12-18,0,1
2016-12-19,1,2
2016-12-20,2,0
2016-12-21,3,0
2016-12-22,4,1
2016-12-23,5,2
2016-12-24,6,2
2016-12-25,0,0
2016-12-26,1,0
2016-12-27,2,0
2016-12-28,3,2
2016-12-29,4,2
2016-12-30,5,1
2016-12-31,6,0
2017-01-01,0,0
2017-01-02,1,1
2017-01-03,2,1
2017-01-04,3,0
2017-01-05,4,1
2017-01-06,5,1
2017-01-07,6,0
2017-01-08,0,0
2017-01-09,1,1
2017-01-10,2,0
2017-01-11,3,0
2017-01-12,4,0
2017-01-13,5,1
2017-01-14,6,0
2017-01-15,0,0
2017-01-16,1,0
2017-01-17,2,0
2017-01-18,3,0
2017-01-19,4,0
2017-01-20,5,3
2017-01-21,6,0
2017-01-22,0,3
2017-01-23,1,0
2017-01-24,2,0
2017-01-25,3,2
2017-01-26,4,0
2017-01-27,5,1
2017-01-28,6,3
2017-01-29,0,2
2017-01-30,1,10
2017-01-31,2,20
2017-02-01,3,6
2017-02-02,4,9
2017-02-03,5,12
2017-02-04,6,2
2017-02-05,0,1
2017-02-06,1,10
2017-02-07,2,4
2017-02-08,3,3
2017-02-09,4,0
2017-02-10,5,2
2017-02-11,6,3
2017-02-12,0,0
2017-02-13,1,5
2017-02-14,2,7
2017-02-15,3,0
2017-02-16,4,1
2017-02-17,5,1
2017-02-18,6,5
2017-02-19,0,1
2017-02-20,1,0
2017-02-21,2,3
2017-02-22,3,1
2017-02-23,4,2
2017-02-24,5,2
2017-02-25,6,1
2017-02-26,0,2
2017-02-27,1,2
2017-02-28,2,5
2017-03-01,3,2
2017-03-02,4,5
2017-03-03,5,2
2017-03-04,6,2
2017-03-05,0,1
2017-03-06,1,0
2017-03-07,2,2
2017-03-08,3,1
2017-03-09,4,0
2017-03-10,5,1
2017-03-11,6,0
2017-03-12,0,1
2017-03-13,1,2
2017-03-14,2,2
2017-03-15,3,5
2017-03-16,4,2
2017-03-17,5,1
2017-03-18,6,2
2017-03-19,0,1
2017-03-20,1,1
2017-03-21,2,2
2017-03-22,3,2
2017-03-23,4,1
2017-03-24,5,0
2017-03-25,6,1
2017-03-26,0,0
2017-03-27,1,2
2017-03-28,2,1
2017-03-29,3,0
2017-03-30,4,1
2017-03-31,5,1
2017-04-01,6,1
2017-04-02,0,2
2017-04-03,1,2
2017-04-04,2,1
2017-04-05,3,2
2017-04-06,4,4
2017-04-07,5,0
2017-04-08,6,0
2017-04-09,0,0
2017-04-10,1,0
2017-04-11,2,1
2017-04-12,3,1
2017-04-13,4,0
2017-04-14,5,1
2017-04-15,6,1
2017-04-16,0,0
2017-04-17,1,2
2017-04-18,2,0
2017-04-19,3,1
2017-04-20,4,0
2017-04-21,5,1
2017-04-22,6,0
2017-04-23,0,3
2017-04-24,1,3
2017-04-25,2,0
2017-04-26,3,0
2017-04-27,4,1
2017-04-28,5,0
2017-04-29,6,0
2017-04-30,0,1
2017-05-01,1,1
2017-05-02,2,1
2017-05-03,3,0
2017-05-04,4,0
2017-05-05,5,1
2017-05-06,6,0
2017-05-07,0,0
2017-05-08,1,1
2017-05-09,2,0
2017-05-10,3,1
2017-05-11,4,1
2017-05-12,5,0
2017-05-13,6,0
2017-05-14,0,1
2017-05-15,1,1
2017-05-16,2,0
2017-05-17,3,0
2017-05-18,4,0
2017-05-19,5,0
2017-05-20,6,0
2017-05-21,0,0
2017-05-22,1,0
2017-05-23,2,1
2017-05-24,3,1
2017-05-25,4,0
2017-05-26,5,1
2017-05-27,6,0
2017-05-28,0,2
2017-05-29,1,0
2017-05-30,2,1
2017-05-31,3,1
2017-06-01,4,0
2017-06-02,5,0
2017-06-03,6,0
2017-06-04,0,0
2017-06-05,1,1
2017-06-06,2,0
2017-06-07,3,2
2017-06-08,4,2
2017-06-09,5,0
2017-06-10,6,1
2017-06-11,0,3
2017-06-12,1,1
2017-06-13,2,1
2017-06-14,3,1
2017-06-15,4,0
2017-06-16,5,2
2017-06-17,6,0
2017-06-18,0,0
2017-06-19,1,3
2017-06-20,2,0
2017-06-21,3,1
2017-06-22,4,0
2017-06-23,5,1
2017-06-24,6,2
2017-06-25,0,0
2017-06-26,1,0
2017-06-27,2,0
2017-06-28,3,0
2017-06-29,4,1
2017-06-30,5,0
2017-07-01,6,1
2017-07-02,0,1
2017-07-03,1,3
2017-07-04,2,0
2017-07-05,3,2
2017-07-06,4,2
2017-07-07,5,0
2017-07-08,6,2
2017-07-09,0,0
2017-07-10,1,0
2017-07-11,2,2
2017-07-12,3,0
2017-07-13,4,0
2017-07-14,5,1
2017-07-15,6,1
2017-07-16,0,2
2017-07-17,1,2
2017-07-18,2,3
2017-07-19,3,0
2017-07-20,4,1
2017-07-21,5,1
2017-07-22,6,0
2017-07-23,0,0
2017-07-24,1,0
2017-07-25,2,0
2017-07-26,3,1
2017-07-27,4,0
2017-07-28,5,2
2017-07-29,6,0
2017-07-30,0,3
2017-07-31,1,0
2017-08-01,2,0
2017-08-02,3,0
2017-08-03,4,1
2017-08-04,5,0
2017-08-05,6,1
2017-08-06,0,0
2017-08-07,1,0
2017-08-08,2,0
2017-08-09,3,0
2017-08-10,4,1
2017-08-11,5,0
2017-08-12,6,0
2017-08-13,0,0
2017-08-14,1,0
2017-08-15,2,0
2017-08-16,3,1
2017-08-17,4,0
2017-08-18,5,1
2017-08-19,6,0
2017-08-20,0,0
2017-08-21,1,0
2017-08-22,2,1
2017-08-23,3,17
2017-08-24,4,17
2017-08-25,5,10
2017-08-26,6,3
2017-08-27,0,5
2017-08-28,1,6
2017-08-29,2,3
2017-08-30,3,0
2017-08-31,4,2
2017-09-01,5,5
2017-09-02,6,3
2017-09-03,0,2
2017-09-04,1,3
2017-09-05,2,1
2017-09-06,3,3
2017-09-07,4,7
2017-09-08,5,2
2017-09-09,6,3
2017-09-10,0,0
2017-09-11,1,2
2017-09-12,2,1
2017-09-13,3,2
2017-09-14,4,1
2017-09-15,5,2
2017-09-16,6,2
2017-09-17,0,0
2017-09-18,1,2
2017-09-19,2,1
2017-09-20,3,3
2017-09-21,4,3
2017-09-22,5,1
2017-09-23,6,0
2017-09-24,0,1
2017-09-25,1,0
2017-09-26,2,1
2017-09-27,3,2
2017-09-28,4,4
2017-09-29,5,1
2017-09-30,6,2
2017-10-01,0,1
2017-10-02,1,1
2017-10-03,2,1
2017-10-04,3,1
2017-10-05,4,3
2017-10-06,5,1
2017-10-07,6,0
2017-10-08,0,0
2017-10-09,1,1
2017-10-10,2,1
2017-10-11,3,2
2017-10-12,4,2
2017-10-13,5,0
2017-10-14,6,3
2017-10-15,0,0
2017-10-16,1,0
2017-10-17,2,0
2017-10-18,3,2
2017-10-19,4,2
2017-10-20,5,1
2017-10-21,6,0
2017-10-22,0,1
2017-10-23,1,2
2017-10-24,2,2
2017-10-25,3,0
2017-10-26,4,2
2017-10-27,5,1
2017-10-28,6,3
2017-10-29,0,1
2017-10-30,1,1
2017-10-31,2,2
2017-11-01,3,0
2017-11-02,4,0
2017-11-03,5,1
2017-11-04,6,1
2017-11-05,0,2
2017-11-06,1,1
2017-11-07,2,0
2017-11-08,3,0
2017-11-09,4,4
2017-11-10,5,2
2017-11-11,6,1
2017-11-12,0,0
2017-11-13,1,0
2017-11-14,2,1
2017-11-15,3,0
2017-11-16,4,1
2017-11-17,5,0
2017-11-18,6,1
2017-11-19,0,0
2017-11-20,1,2
2017-11-21,2,0
2017-11-22,3,0
2017-11-23,4,0
2017-11-24,5,0
2017-11-25,6,2
2017-11-26,0,1
2017-11-27,1,0
2017-11-28,2,1
2017-11-29,3,2
2017-11-30,4,1
2017-12-01,5,0
2017-12-02,6,1
2017-12-03,0,1
2017-12-04,1,0
2017-12-05,2,1
2017-12-06,3,2
2017-12-07,4,0
2017-12-08,5,1
2017-12-09,6,0
2017-12-10,0,2
2017-12-11,1,0
2017-12-12,2,2
2017-12-13,3,1
2017-12-14,4,1
2017-12-15,5,1
2017-12-16,6,1
2017-12-17,0,2
2017-12-18,1,1
2017-12-19,2,3
2017-12-20,3,0
2017-12-21,4,0
2017-12-22,5,1
2017-12-23,6,0
2017-12-24,0,0
2017-12-25,1,0
2017-12-26,2,2
2017-12-27,3,0
2017-12-28,4,0
2017-12-29,5,0
2017-12-30,6,0
2017-12-31,0,1
2018-01-01,1,1
2018-01-02,2,2
2018-01-03,3,1
2018-01-04,4,0
2018-01-05,5,0
2018-01-06,6,0
2018-01-07,0,1
2018-01-08,1,0
2018-01-09,2,2
2018-01-10,3,0
2018-01-11,4,0
2018-01-12,5,0
2018-01-13,6,1
2018-01-14,0,4
2018-01-15,1,0
2018-01-16,2,0
2018-01-17,3,1
2018-01-18,4,1
2018-01-19,5,0
2018-01-20,6,1
2018-01-21,0,0
2018-01-22,1,0
2018-01-23,2,1
2018-01-24,3,1
2018-01-25,4,1
2018-01-26,5,0
2018-01-27,6,0
2018-01-28,0,0
2018-01-29,1,2
2018-01-30,2,1
2018-01-31,3,1
2018-02-01,4,0
2018-02-02,5,1
2018-02-03,6,1
2018-02-04,0,2
2018-02-05,1,1
2018-02-06,2,0
2018-02-07,3,0
2018-02-08,4,1
2018-02-09,5,1
2018-02-10,6,1
2018-02-11,0,2
2018-02-12,1,0
2018-02-13,2,0
2018-02-14,3,1
2018-02-15,4,1
2018-02-16,5,0
2018-02-17,6,0
2018-02-18,0,0
2018-02-19,1,2
2018-02-20,2,0
2018-02-21,3,1
2018-02-22,4,1
2018-02-23,5,1
2018-02-24,6,0
2018-02-25,0,1
2018-02-26,1,0
2018-02-27,2,1
2018-02-28,3,0
2018-03-01,4,0
2018-03-02,5,1
2018-03-03,6,1
2018-03-04,0,0
2018-03-05,1,0
2018-03-06,2,2
2018-03-07,3,1
2018-03-08,4,0
2018-03-09,5,1
2018-03-10,6,0
2018-03-11,0,0
2018-03-12,1,1
2018-03-13,2,0
2018-03-14,3,4
2018-03-15,4,0
2018-03-16,5,0
2018-03-17,6,0
2018-03-18,0,1
2018-03-19,1,1
2018-03-20,2,1
2018-03-21,3,1
2018-03-22,4,1
2018-03-23,5,1
2018-03-24,6,1
2018-03-25,0,1
2018-03-26,1,5
2018-03-27,2,0
2018-03-28,3,1
2018-03-29,4,1
2018-03-30,5,0
2018-03-31,6,1
2018-04-01,0,1
2018-04-02,1,2
2018-04-03,2,0
2018-04-04,3,1
2018-04-05,4,1
2018-04-06,5,0
2018-04-07,6,0
2018-04-08,0,1
2018-04-09,1,1
2018-04-10,2,0
2018-04-11,3,2
2018-04-12,4,3
2018-04-13,5,1
2018-04-14,6,0
2018-04-15,0,0
2018-04-16,1,0
2018-04-17,2,2
2018-04-18,3,2
2018-04-19,4,1
2018-04-20,5,0
2018-04-21,6,1
2018-04-22,0,0
2018-04-23,1,0
2018-04-24,2,0
2018-04-25,3,0
2018-04-26,4,0
2018-04-27,5,4
2018-04-28,6,1
2018-04-29,0,0
2018-04-30,1,0
2018-05-01,2,1
2018-05-02,3,2
2018-05-03,4,1
2018-05-04,5,1
2018-05-05,6,3
2018-05-06,0,2
2018-05-07,1,1
2018-05-08,2,2
2018-05-09,3,0
2018-05-10,4,2
2018-05-11,5,0
2018-05-12,6,0
2018-05-13,0,0
2018-05-14,1,1
2018-05-15,2,0
2018-05-16,3,0
2018-05-17,4,0
2018-05-18,5,0
2018-05-19,6,0
2018-05-20,0,0
2018-05-21,1,0
2018-05-22,2,1
2018-05-23,3,0
2018-05-24,4,0
2018-05-25,5,2
2018-05-26,6,0
2018-05-27,0,0
2018-05-28,1,0
2018-05-29,2,0
2018-05-30,3,0
2018-05-31,4,0
2018-06-01,5,1
2018-06-02,6,0
2018-06-03,0,1
2018-06-04,1,0
2018-06-05,2,1
2018-06-06,3,0
2018-06-07,4,0
2018-06-08,5,1
2018-06-09,6,2
2018-06-10,0,0
2018-06-11,1,0
2018-06-12,2,0
2018-06-13,3,0
2018-06-14,4,4
2018-06-15,5,1
2018-06-16,6,3
2018-06-17,0,1
2018-06-18,1,1
2018-06-19,2,1
2018-06-20,3,0
2018-06-21,4,1
2018-06-22,5,0
2018-06-23,6,1
2018-06-24,0,1
2018-06-25,1,0
2018-06-26,2,0
2018-06-27,3,3
2018-06-28,4,1
2018-06-29,5,0
2018-06-30,6,1
2018-07-01,0,0
2018-07-02,1,0
2018-07-03,2,1
2018-07-04,3,1
2018-07-05,4,2
2018-07-06,5,0
2018-07-07,6,0
2018-07-08,0,1
2018-07-09,1,1
2018-07-10,2,0
2018-07-11,3,0
2018-07-12,4,0
2018-07-13,5,0
2018-07-14,6,0
2018-07-15,0,1
2018-07-16,1,0
2018-07-17,2,1
2018-07-18,3,0
2018-07-19,4,0
2018-07-20,5,0
2018-07-21,6,0
2018-07-22,0,0
2018-07-23,1,2
2018-07-24,2,0
2018-07-25,3,0
2018-07-26,4,0
2018-07-27,5,0
2018-07-28,6,1
2018-07-29,0,0
2018-07-30,1,0
2018-07-31,2,4
2018-08-01,3,0
2018-08-02,4,5
2018-08-03,5,0
2018-08-04,6,0
2018-08-05,0,2
2018-08-06,1,1
2018-08-07,2,1
2018-08-08,3,1
2018-08-09,4,3
2018-08-10,5,0
2018-08-11,6,0
2018-08-12,0,0
2018-08-13,1,0
2018-08-14,2,0
2018-08-15,3,0
2018-08-16,4,0
2018-08-17,5,12
2018-08-18,6,0
2018-08-19,0,0
2018-08-20,1,0
2018-08-21,2,0
2018-08-22,3,0
2018-08-23,4,0
2018-08-24,5,1
2018-08-25,6,0
2018-08-26,0,1
2018-08-27,1,0
2018-08-28,2,0
2018-08-29,3,0
2018-08-30,4,0
2018-08-31,5,0
2018-09-01,6,1
2018-09-02,0,0
2018-09-03,1,0
2018-09-04,2,0
2018-09-05,3,2
2018-09-06,4,0
2018-09-07,5,0
2018-09-08,6,0
2018-09-09,0,19
2018-09-10,1,18
2018-09-11,2,10
2018-09-12,3,11
2018-09-13,4,5
2018-09-14,5,3
2018-09-15,6,15
2018-09-16,0,6
2018-09-17,1,3
2018-09-18,2,5
2018-09-19,3,2
2018-09-20,4,2
2018-09-21,5,2
2018-09-22,6,1
2018-09-23,0,1
2018-09-24,1,0
2018-09-25,2,0
2018-09-26,3,2
2018-09-27,4,1
2018-09-28,5,2
2018-09-29,6,0
2018-09-30,0,1
2018-10-01,1,0
2018-10-02,2,1
2018-10-03,3,2
2018-10-04,4,1
2018-10-05,5,1
2018-10-06,6,1
2018-10-07,0,1
2018-10-08,1,2
2018-10-09,2,1
2018-10-10,3,3
2018-10-11,4,6
2018-10-12,5,0
2018-10-13,6,1
2018-10-14,0,2
2018-10-15,1,3
2018-10-16,2,1
2018-10-17,3,0
2018-10-18,4,0
2018-10-19,5,0
2018-10-20,6,0
2018-10-21,0,1
2018-10-22,1,3
2018-10-23,2,0
2018-10-24,3,2
2018-10-25,4,0
2018-10-26,5,1
2018-10-27,6,1
2018-10-28,0,0
2018-10-29,1,1
2018-10-30,2,1
2018-10-31,3,2
2018-11-01,4,0
2018-11-02,5,0
2018-11-03,6,1
2018-11-04,0,1
2018-11-05,1,0
2018-11-06,2,5
2018-11-07,3,0
2018-11-08,4,1
2018-11-09,5,1
2018-11-10,6,2
2018-11-11,0,1
2018-11-12,1,1
2018-11-13,2,2
2018-11-14,3,2
2018-11-15,4,2
2018-11-16,5,0
2018-11-17,6,5
2018-11-18,0,5
2018-11-19,1,1
2018-11-20,2,0
2018-11-21,3,0
2018-11-22,4,0
2018-11-23,5,0
2018-11-24,6,0
2018-11-25,0,0
2018-11-26,1,1
2018-11-27,2,3
2018-11-28,3,0
2018-11-29,4,1
2018-11-30,5,1
2018-12-01,6,0
2018-12-02,0,0
2018-12-03,1,0
2018-12-04,2,1
2018-12-05,3,0
2018-12-06,4,0
2018-12-07,5,1
2018-12-08,6,1
2018-12-09,0,0
2018-12-10,1,1
2018-12-11,2,1
2018-12-12,3,0
2018-12-13,4,0
2018-12-14,5,1
2018-12-15,6,0
2018-12-16,0,1
2018-12-17,1,1
2018-12-18,2,31
2018-12-19,3,23
2018-12-20,4,7
2018-12-21,5,4
2018-12-22,6,4
2018-12-23,0,2
2018-12-24,1,2
2018-12-25,2,0
2018-12-26,3,5
2018-12-27,4,2
2018-12-28,5,3
2018-12-29,6,2
2018-12-30,0,0
2018-12-31,1,1
2019-01-01,2,2
2019-01-02,3,2
2019-01-03,4,3
2019-01-04,5,1
2019-01-05,6,1
2019-01-06,0,3
2019-01-07,1,4
2019-01-08,2,30
2019-01-09,3,16
2019-01-10,4,13
2019-01-11,5,8
2019-01-12,6,4
2019-01-13,0,3
2019-01-14,1,5
2019-01-15,2,1
2019-01-16,3,4
2019-01-17,4,2
2019-01-18,5,1
2019-01-19,6,4
2019-01-20,0,2
2019-01-21,1,2
2019-01-22,2,2
2019-01-23,3,1
2019-01-24,4,1
2019-01-25,5,1
2019-01-26,6,3
2019-01-27,0,3
2019-01-28,1,3
2019-01-29,2,4
2019-01-30,3,4
2019-01-31,4,1
2019-02-01,5,2
2019-02-02,6,0
2019-02-03,0,2
2019-02-04,1,3
2019-02-05,2,2
2019-02-06,3,2
2019-02-07,4,4
2019-02-08,5,3
2019-02-09,6,2
2019-02-10,0,0
2019-02-11,1,0
2019-02-12,2,2
2019-02-13,3,0
2019-02-14,4,1
2019-02-15,5,1
2019-02-16,6,0
2019-02-17,0,1
2019-02-18,1,2
2019-02-19,2,0
2019-02-20,3,1
2019-02-21,4,0
2019-02-22,5,1
2019-02-23,6,1
2019-02-24,0,0
2019-02-25,1,0
2019-02-26,2,1
2019-02-27,3,0
2019-02-28,4,2
2019-03-01,5,3
2019-03-02,6,1
2019-03-03,0,3
2019-03-04,1,1
2019-03-05,2,0
2019-03-06,3,0
2019-03-07,4,0
2019-03-08,5,1
2019-03-09,6,0
2019-03-10,0,1
2019-03-11,1,1
2019-03-12,2,1
2019-03-13,3,3
2019-03-14,4,0
2019-03-15,5,0
2019-03-16,6,2
2019-03-17,0,1
2019-03-18,1,0
2019-03-19,2,0
2019-03-20,3,0
2019-03-21,4,1
2019-03-22,5,0
2019-03-23,6,1
2019-03-24,0,1
2019-03-25,1,0
2019-03-26,2,1
2019-03-27,3,3
2019-03-28,4,0
2019-03-29,5,1
2019-03-30,6,0
2019-03-31,0,1
2019-04-01,1,0
2019-04-02,2,0
2019-04-03,3,2
2019-04-04,4,19
2019-04-05,5,20
2019-04-06,6,5
2019-04-07,0,9
2019-04-08,1,8
2019-04-09,2,1
2019-04-10,3,2
2019-04-11,4,0
2019-04-12,5,1
2019-04-13,6,4
2019-04-14,0,1
2019-04-15,1,4
2019-04-16,2,1
2019-04-17,3,0
2019-04-18,4,2
2019-04-19,5,2
2019-04-20,6,1
2019-04-21,0,3
2019-04-22,1,2
2019-04-23,2,2
2019-04-24,3,1
2019-04-25,4,1
2019-04-26,5,4
2019-04-27,6,3
2019-04-28,0,1
2019-04-29,1,1
2019-04-30,2,1
2019-05-01,3,1
2019-05-02,4,0
2019-05-03,5,2
2019-05-04,6,0
2019-05-05,0,2
2019-05-06,1,3
2019-05-07,2,1
2019-05-08,3,2
2019-05-09,4,3
2019-05-10,5,1
2019-05-11,6,0
2019-05-12,0,0
2019-05-13,1,2
2019-05-14,2,0
2019-05-15,3,1
2019-05-16,4,19
2019-05-17,5,29
2019-05-18,6,8
2019-05-19,0,4
2019-05-20,1,7
2019-05-21,2,5
2019-05-22,3,13
2019-05-23,4,7
2019-05-24,5,1
2019-05-25,6,3
2019-05-26,0,1
2019-05-27,1,3
2019-05-28,2,2
2019-05-29,3,3
2019-05-30,4,2
2019-05-31,5,2
2019-06-01,6,1
2019-06-02,0,1
2019-06-03,1,3
2019-06-04,2,0
2019-06-05,3,1
2019-06-06,4,2
2019-06-07,5,2
2019-06-08,6,1
2019-06-09,0,2
2019-06-10,1,0
2019-06-11,2,1
2019-06-12,3,1
2019-06-13,4,0
2019-06-14,5,1
2019-06-15,6,1
2019-06-16,0,0
2019-06-17,1,0
2019-06-18,2,1
2019-06-19,3,2
2019-06-20,4,1
2019-06-21,5,1
2019-06-22,6,0
2019-06-23,0,0
2019-06-24,1,1
2019-06-25,2,3
2019-06-26,3,2
2019-06-27,4,0
2019-06-28,5,0
2019-06-29,6,0
2019-06-30,0,0
2019-07-01,1,0
2019-07-02,2,2
2019-07-03,3,0
2019-07-04,4,0
2019-07-05,5,0
2019-07-06,6,0
2019-07-07,0,0
2019-07-08,1,2
2019-07-09,2,0
2019-07-10,3,1
2019-07-11,4,0
2019-07-12,5,0
2019-07-13,6,1
2019-07-14,0,1
2019-07-15,1,1
2019-07-16,2,0
2019-07-17,3,0
2019-07-18,4,2
2019-07-19,5,2
2019-07-20,6,0
2019-07-21,0,0
2019-07-22,1,0
2019-07-23,2,0
2019-07-24,3,0
2019-07-25,4,0
2019-07-26,5,0
2019-07-27,6,1
2019-07-28,0,0
2019-07-29,1,0
2019-07-30,2,0
2019-07-31,3,1
2019-08-01,4,0
2019-08-02,5,1
2019-08-03,6,1
2019-08-04,0,0
2019-08-05,1,4
2019-08-06,2,1
2019-08-07,3,0
2019-08-08,4,0
2019-08-09,5,1
2019-08-10,6,0
2019-08-11,0,0
2019-08-12,1,1
2019-08-13,2,0
2019-08-14,3,3
2019-08-15,4,0
2019-08-16,5,0
2019-08-17,6,1
2019-08-18,0,2
2019-08-19,1,0
2019-08-20,2,1
2019-08-21,3,0
2019-08-22,4,0
2019-08-23,5,1
2019-08-24,6,0
2019-08-25,0,0
2019-08-26,1,0
2019-08-27,2,0
2019-08-28,3,1
2019-08-29,4,0
2019-08-30,5,1
2019-08-31,6,0
2019-09-01,0,0
2019-09-02,1,0
2019-09-03,2,0
2019-09-04,3,2
2019-09-05,4,1
2019-09-06,5,2
2019-09-07,6,0
2019-09-08,0,0
2019-09-09,1,3
2019-09-10,2,1
2019-09-11,3,2
2019-09-12,4,3
2019-09-13,5,1
2019-09-14,6,2
2019-09-15,0,1
2019-09-16,1,2
2019-09-17,2,1
2019-09-18,3,1
2019-09-19,4,1
2019-09-20,5,0
2019-09-21,6,0
2019-09-22,0,1
2019-09-23,1,0
2019-09-24,2,0
2019-09-25,3,0
2019-09-26,4,0
2019-09-27,5,0
2019-09-28,6,1
2019-09-29,0,0
2019-09-30,1,0
2019-10-01,2,0
2019-10-02,3,1
2019-10-03,4,3
2019-10-04,5,1
2019-10-05,6,1
2019-10-06,0,2
2019-10-07,1,1
2019-10-08,2,1
2019-10-09,3,0
2019-10-10,4,0
2019-10-11,5,0
2019-10-12,6,0
2019-10-13,0,1
2019-10-14,1,1
2019-10-15,2,0
2019-10-16,3,1
2019-10-17,4,0
2019-10-18,5,0
2019-10-19,6,1
2019-10-20,0,1
2019-10-21,1,1
2019-10-22,2,1
2019-10-23,3,0
2019-10-24,4,1
2019-10-25,5,1
2019-10-26,6,1
2019-10-27,0,0
2019-10-28,1,0
2019-10-29,2,1
2019-10-30,3,2
2019-10-31,4,1
2019-11-01,5,2
2019-11-02,6,0
2019-11-03,0,1
2019-11-04,1,1
2019-11-05,2,1
2019-11-06,3,1
2019-11-07,4,0
2019-11-08,5,3
2019-11-09,6,0
2019-11-10,0,0
2019-11-11,1,0
2019-11-12,2,0
2019-11-13,3,0
2019-11-14,4,0
2019-11-15,5,0
2019-11-16,6,0
2019-11-17,0,1
2019-11-18,1,1
2019-11-19,2,0
2019-11-20,3,2
2019-11-21,4,0
2019-11-22,5,0
2019-11-23,6,0
2019-11-24,0,0
2019-11-25,1,0
2019-11-26,2,0
2019-11-27,3,0
2019-11-28,4,2
2019-11-29,5,0
2019-11-30,6,2
2019-12-01,0,2
2019-12-02,1,2
2019-12-03,2,3
2019-12-04,3,2
2019-12-05,4,2
2019-12-06,5,2
2019-12-07,6,1
2019-12-08,0,0
2019-12-09,1,0
2019-12-10,2,0
2019-12-11,3,2
2019-12-12,4,0
2019-12-13,5,3
2019-12-14,6,1
2019-12-15,0,0
2019-12-16,1,2
2019-12-17,2,3
2019-12-18,3,2
2019-12-19,4,3
2019-12-20,5,1
2019-12-21,6,0
2019-12-22,0,0
2019-12-23,1,2
2019-12-24,2,0
2019-12-25,3,1
2019-12-26,4,0
2019-12-27,5,0
2019-12-28,6,0
2019-12-29,0,0
2019-12-30,1,0
2019-12-31,2,0
2020-01-01,3,0
2020-01-02,4,0
2020-01-03,5,0
2020-01-04,6,1
2020-01-05,0,1
2020-01-06,1,0
2020-01-07,2,0
2020-01-08,3,0
2020-01-09,4,1
2020-01-10,5,0
2020-01-11,6,1
2020-01-12,0,2
2020-01-13,1,0
2020-01-14,2,1
2020-01-15,3,2
2020-01-16,4,1
2020-01-17,5,0
2020-01-18,6,1
2020-01-19,0,1
2020-01-20,1,0
2020-01-21,2,1
2020-01-22,3,3
2020-01-23,4,1
2020-01-24,5,1
2020-01-25,6,0
2020-01-26,0,0
2020-01-27,1,3
2020-01-28,2,2
2020-01-29,3,2
2020-01-30,4,2
2020-01-31,5,2
2020-02-01,6,3
2020-02-02,0,1
2020-02-03,1,1
2020-02-04,2,1
2020-02-05,3,0
2020-02-06,4,2
2020-02-07,5,0
2020-02-08,6,0
2020-02-09,0,0
2020-02-10,1,1
2020-02-11,2,0
2020-02-12,3,1
2020-02-13,4,1
2020-02-14,5,2
2020-02-15,6,0
2020-02-16,0,3
2020-02-17,1,4
2020-02-18,2,0
2020-02-19,3,2
2020-02-20,4,0
2020-02-21,5,1
2020-02-22,6,1
2020-02-23,0,0
2020-02-24,1,1
2020-02-25,2,0
2020-02-26,3,0
2020-02-27,4,0
2020-02-28,5,0
2020-02-29,6,1
2020-03-01,0,1
2020-03-02,1,0
2020-03-03,2,0
2020-03-04,3,0
2020-03-05,4,0
2020-03-06,5,1
2020-03-07,6,1
2020-03-08,0,1
2020-03-09,1,0
2020-03-10,2,0
2020-03-11,3,0
2020-03-12,4,0
2020-03-13,5,0
2020-03-14,6,0
2020-03-15,0,0
2020-03-16,1,0
2020-03-17,2,7
2020-03-18,3,2
2020-03-19,4,0
2020-03-20,5,0
2020-03-21,6,1
2020-03-22,0,0
2020-03-23,1,2
2020-03-24,2,1
2020-03-25,3,0
2020-03-26,4,1
2020-03-27,5,1
2020-03-28,6,2
2020-03-29,0,0
2020-03-30,1,2
2020-03-31,2,0
2020-04-01,3,0
2020-04-02,4,0
2020-04-03,5,2
2020-04-04,6,0
2020-04-05,0,1
2020-04-06,1,0
2020-04-07,2,0
2020-04-08,3,2
2020-04-09,4,1
2020-04-10,5,0
2020-04-11,6,1
2020-04-12,0,1
2020-04-13,1,0
2020-04-14,2,1
2020-04-15,3,1
2020-04-16,4,1
2020-04-17,5,0
2020-04-18,6,0
2020-04-19,0,0
2020-04-20,1,3
2020-04-21,2,3
2020-04-22,3,1
2020-04-23,4,2
2020-04-24,5,0
2020-04-25,6,1
2020-04-26,0,0
2020-04-27,1,0
2020-04-28,2,0
2020-04-29,3,1
2020-04-30,4,0
2020-05-01,5,0
2020-05-02,6,1
2020-05-03,0,1
2020-05-04,1,3
2020-05-05,2,0
2020-05-06,3,2
2020-05-07,4,0
2020-05-08,5,0
2020-05-09,6,0
2020-05-10,0,0
2020-05-11,1,1
2020-05-12,2,2
2020-05-13,3,0
2020-05-14,4,3
2020-05-15,5,1
2020-05-16,6,0
2020-05-17,0,0
2020-05-18,1,0
2020-05-19,2,0
2020-05-20,3,1
2020-05-21,4,0
2020-05-22,5,0
2020-05-23,6,0
2020-05-24,0,2
2020-05-25,1,1
2020-05-26,2,2
2020-05-27,3,0
2020-05-28,4,2
2020-05-29,5,1
2020-05-30,6,0
2020-05-31,0,0
2020-06-01,1,0
2020-06-02,2,0
2020-06-03,3,0
2020-06-04,4,1
2020-06-05,5,0
2020-06-06,6,0
2020-06-07,0,0
2020-06-08,1,1
2020-06-09,2,0
2020-06-10,3,0
2020-06-11,4,1
2020-06-12,5,0
2020-06-13,6,1
2020-06-14,0,0
2020-06-15,1,1
2020-06-16,2,1
2020-06-17,3,0
2020-06-18,4,1
2020-06-19,5,1
2020-06-20,6,0
2020-06-21,0,0
2020-06-22,1,0
2020-06-23,2,2
2020-06-24,3,0
2020-06-25,4,0
2020-06-26,5,0
2020-06-27,6,1
2020-06-28,0,0
2020-06-29,1,0
2020-06-30,2,0
2020-07-01,3,0
2020-07-02,4,0
2020-07-03,5,0
2020-07-04,6,2
2020-07-05,0,0
2020-07-06,1,0
2020-07-07,2,0
2020-07-08,3,0
2020-07-09,4,0
2020-07-10,5,1
2020-07-11,6,0
2020-07-12,0,3
2020-07-13,1,5
2020-07-14,2,1
2020-07-15,3,1
2020-07-16,4,0
2020-07-17,5,2
2020-07-18,6,0
2020-07-19,0,1
2020-07-20,1,0
2020-07-21,2,0
2020-07-22,3,1
2020-07-23,4,1
2020-07-24,5,0
2020-07-25,6,0
2020-07-26,0,0
2020-07-27,1,2
2020-07-28,2,0
2020-07-29,3,0
2020-07-30,4,0
2020-07-31,5,1
2020-08-01,6,2
2020-08-02,0,0
2020-08-03,1,2
2020-08-04,2,1
2020-08-05,3,1
2020-08-06,4,2
2020-08-07,5,1
2020-08-08,6,2
2020-08-09,0,1
2020-08-10,1,0
2020-08-11,2,0
2020-08-12,3,2
2020-08-13,4,1
2020-08-14,5,0
2020-08-15,6,0
2020-08-16,0,0
2020-08-17,1,2
2020-08-18,2,0
2020-08-19,3,0
2020-08-20,4,1
2020-08-21,5,0
2020-08-22,6,0
2020-08-23,0,1
2020-08-24,1,2
2020-08-25,2,1
2020-08-26,3,0
2020-08-27,4,1
2020-08-28,5,0
2020-08-29,6,1
2020-08-30,0,0
2020-08-31,1,0
2020-09-01,2,0
2020-09-02,3,1
2020-09-03,4,1
2020-09-04,5,1
2020-09-05,6,0
2020-09-06,0,0
2020-09-07,1,1
2020-09-08,2,1
2020-09-09,3,0
2020-09-10,4,0
2020-09-11,5,0
2020-09-12,6,0
2020-09-13,0,0
2020-09-14,1,0
2020-09-15,2,0
2020-09-16,3,0
2020-09-17,4,1
2020-09-18,5,0
2020-09-19,6,0
2020-09-20,0,0
2020-09-21,1,1
2020-09-22,2,1
2020-09-23,3,0
2020-09-24,4,0
2020-09-25,5,0
2020-09-26,6,0
2020-09-27,0,1
2020-09-28,1,0
2020-09-29,2,0
2020-09-30,3,0
2020-10-01,4,0
2020-10-02,5,1
2020-10-03,6,2
2020-10-04,0,0
2020-10-05,1,0
2020-10-06,2,1
2020-10-07,3,0
2020-10-08,4,0
2020-10-09,5,0
2020-10-10,6,0
2020-10-11,0,0
2020-10-12,1,1
2020-10-13,2,0
2020-10-14,3,2
2020-10-15,4,2
2020-10-16,5,0
2020-10-17,6,0
2020-10-18,0,1
2020-10-19,1,1
2020-10-20,2,1
2020-10-21,3,0
2020-10-22,4,1
2020-10-23,5,0
2020-10-24,6,0
2020-10-25,0,1
2020-10-26,1,0
2020-10-27,2,1
2020-10-28,3,0
2020-10-29,4,0
2020-10-30,5,0
2020-10-31,6,1
2020-11-01,0,0
2020-11-02,1,0
2020-11-03,2,2
2020-11-04,3,2
2020-11-05,4,1
2020-11-06,5,0
2020-11-07,6,0
2020-11-08,0,1
2020-11-09,1,1
2020-11-10,2,0
2020-11-11,3,0
2020-11-12,4,1
2020-11-13,5,0
2020-11-14,6,0
2020-11-15,0,0
2020-11-16,1,0
2020-11-17,2,1
2020-11-18,3,1
2020-11-19,4,0
2020-11-20,5,0
2020-11-21,6,3
2020-11-22,0,1
2020-11-23,1,0
2020-11-24,2,0
2020-11-25,3,0
2020-11-26,4,0
2020-11-27,5,0
2020-11-28,6,0
2020-11-29,0,0
2020-11-30,1,1
2020-12-01,2,0
2020-12-02,3,0
2020-12-03,4,0
2020-12-04,5,0
2020-12-05,6,0
2020-12-06,0,1
2020-12-07,1,2
2020-12-08,2,0
2020-12-09,3,0
2020-12-10,4,1
2020-12-11,5,1
2020-12-12,6,0
2020-12-13,0,0
2020-12-14,1,0
2020-12-15,2,0
2020-12-16,3,1
2020-12-17,4,0
2020-12-18,5,0
2020-12-19,6,0
2020-12-20,0,0
2020-12-21,1,1
2020-12-22,2,0
2020-12-23,3,0
2020-12-24,4,0
2020-12-25,5,0
2020-12-26,6,1
2020-12-27,0,1
2020-12-28,1,0
2020-12-29,2,1
2020-12-30,3,0
2020-12-31,4,1
2021-01-01,5,0
2021-01-02,6,3
2021-01-03,0,0
2021-01-04,1,1
2021-01-05,2,0
2021-01-06,3,0
2021-01-07,4,0
2021-01-08,5,1
2021-01-09,6,0
2021-01-10,0,0
2021-01-11,1,0
2021-01-12,2,0
2021-01-13,3,1
2021-01-14,4,0
2021-01-15,5,0
2021-01-16,6,0
2021-01-17,0,0
2021-01-18,1,3
2021-01-19,2,3
2021-01-20,3,0
2021-01-21,4,0
2021-01-22,5,0
2021-01-23,6,0
2021-01-24,0,1
2021-01-25,1,1
2021-01-26,2,0
2021-01-27,3,0
2021-01-28,4,1
2021-01-29,5,0
2021-01-30,6,1
2021-01-31,0,0
2021-02-01,1,0
2021-02-02,2,0
2021-02-03,3,0
2021-02-04,4,1
2021-02-05,5,1
2021-02-06,6,3
2021-02-07,0,1
2021-02-08,1,2
2021-02-09,2,1
2021-02-10,3,0
2021-02-11,4,0
2021-02-12,5,2
2021-02-13,6,1
2021-02-14,0,0
2021-02-15,1,0
2021-02-16,2,2
2021-02-17,3,1
2021-02-18,4,0
2021-02-19,5,0
2021-02-20,6,0
2021-02-21,0,0
2021-02-22,1,1
2021-02-23,2,0
2021-02-24,3,0
2021-02-25,4,0
2021-02-26,5,0
2021-02-27,6,1
2021-02-28,0,0
2021-03-01,1,0
2021-03-02,2,0
2021-03-03,3,2
2021-03-04,4,1
2021-03-05,5,1
2021-03-06,6,0
2021-03-07,0,1
2021-03-08,1,0
2021-03-09,2,3
2021-03-10,3,1
2021-03-11,4,1
2021-03-12,5,1
2021-03-13,6,0
2021-03-14,0,1
2021-03-15,1,1
2021-03-16,2,0
2021-03-17,3,0
2021-03-18,4,4
2021-03-19,5,0
2021-03-20,6,0
2021-03-21,0,0
2021-03-22,1,0
2021-03-23,2,1
2021-03-24,3,0
2021-03-25,4,1
2021-03-26,5,1
2021-03-27,6,1
2021-03-28,0,1
2021-03-29,1,0
2021-03-30,2,0
2021-03-31,3,0
2021-04-01,4,0
2021-04-02,5,2
2021-04-03,6,0
2021-04-04,0,0
2021-04-05,1,1
2021-04-06,2,0
2021-04-07,3,0
2021-04-08,4,0
2021-04-09,5,1
2021-04-10,6,0
2021-04-11,0,0
2021-04-12,1,0
2021-04-13,2,1
2021-04-14,3,0
2021-04-15,4,1
2021-04-16,5,0
2021-04-17,6,1
2021-04-18,0,0
2021-04-19,1,1
2021-04-20,2,1
2021-04-21,3,0
2021-04-22,4,1
2021-04-23,5,18
2021-04-24,6,22
2021-04-25,0,9
2021-04-26,1,9
2021-04-27,2,2
2021-04-28,3,2
2021-04-29,4,3
2021-04-30,5,1
2021-05-01,6,2
2021-05-02,0,2
2021-05-03,1,2
2021-05-04,2,2
2021-05-05,3,2
2021-05-06,4,1
2021-05-07,5,0
2021-05-08,6,2
2021-05-09,0,1
